<?xml version="1.0"?>
<Project>
<Beams type="prop">
	<None type="flat"></None>
	<Undulator01beamGlobal01 type="flat"></Undulator01beamGlobal01>
	<OE01beamGlobal01 type="flat"></OE01beamGlobal01>
	<OE01beamLocal01 type="flat"></OE01beamLocal01>
	<OE02beamGlobal01 type="flat"></OE02beamGlobal01>
	<OE02beamLocal01 type="flat"></OE02beamLocal01>
	<Screen02beamLocal01 type="flat"></Screen02beamLocal01>
	<OE03beamGlobal01 type="flat"></OE03beamGlobal01>
	<OE03beamLocal01 type="flat"></OE03beamLocal01>
	<OE04beamGlobal01 type="flat"></OE04beamGlobal01>
	<OE04beamLocal01 type="flat"></OE04beamLocal01>
	<Screen03beamLocal01 type="flat"></Screen03beamLocal01>
	<Screen01beamLocal01 type="flat"></Screen01beamLocal01>
</Beams>
<Materials type="prop">
	<matRh type="value">
		<properties type="prop">
			<elements type="param">Rh</elements>
			<quantities type="param">None</quantities>
			<kind type="param">mirror</kind>
			<rho type="param">12.41</rho>
			<t type="param">None</t>
			<table type="param">Chantler</table>
			<efficiency type="param">None</efficiency>
			<efficiencyFile type="param">None</efficiencyFile>
			<name type="param"></name>
		</properties>
		<_object type="object">xrt.backends.raycing.materials.Material</_object>
	</matRh>
	<xtal1 type="value">
		<properties type="prop">
			<tK type="param">80</tK>
			<hkl type="param">[1, 1, 1]</hkl>
			<d type="param">0</d>
			<V type="param">None</V>
			<elements type="param">Si</elements>
			<quantities type="param">None</quantities>
			<rho type="param">0</rho>
			<t type="param">None</t>
			<factDW type="param">1.0</factDW>
			<geom type="param">Bragg reflected</geom>
			<table type="param">Chantler</table>
			<name type="param"></name>
			<kind type="param">mirror</kind>
			<efficiency type="param">None</efficiency>
			<efficiencyFile type="param">None</efficiencyFile>
		</properties>
		<_object type="object">xrt.backends.raycing.materials.CrystalSi</_object>
	</xtal1>
	<xtal2 type="value">
		<properties type="prop">
			<name type="param">alphaQuartz</name>
			<hkl type="param">[1, 0, 2]</hkl>
			<a type="param">4.91304</a>
			<b type="param">None</b>
			<c type="param">5.40463</c>
			<alpha type="param">90</alpha>
			<beta type="param">90</beta>
			<gamma type="param">120</gamma>
			<atoms type="param">[14, 14, 14, 8, 8, 8, 8, 8, 8]</atoms>
			<atomsXYZ type="param">[[0.4697, 0., 0.],
                        [-0.4697, -0.4697, 1./3],
                        [0., 0.4697, 2./3],
                        [0.4125, 0.2662, 0.1188],
                        [-0.1463, -0.4125, 0.4521],
                        [-0.2662, 0.1463, -0.2145],
                        [0.1463, -0.2662, -0.1188],
                        [-0.4125, -0.1463, 0.2145],
                        [0.2662, 0.4125, 0.5479]]</atomsXYZ>
			<atomsFraction type="param">None</atomsFraction>
			<tK type="param">297.15</tK>
			<t type="param">None</t>
			<factDW type="param">1.0</factDW>
			<geom type="param">Bragg reflected</geom>
			<table type="param">Chantler</table>
			<d type="param">0</d>
			<V type="param">None</V>
			<elements type="param">Si</elements>
			<quantities type="param">None</quantities>
			<rho type="param">0</rho>
			<kind type="param">mirror</kind>
			<efficiency type="param">None</efficiency>
			<efficiencyFile type="param">None</efficiencyFile>
		</properties>
		<_object type="object">xrt.backends.raycing.materials.CrystalFromCell</_object>
	</xtal2>
</Materials>
<P01 type="value">
	<properties type="prop">
		<azimuth type="param">0.0</azimuth>
		<height type="param">0.0</height>
	</properties>
	<_object type="object">xrt.backends.raycing.BeamLine</_object>
	<Undulator01 type="value">
		<properties type="prop">
			<bl type="param">P01</bl>
			<name type="param">und</name>
			<center type="param">(0, 0, 0)</center>
			<nrays type="param">1e5</nrays>
			<eE type="param">6.08</eE>
			<eI type="param">0.1</eI>
			<eEspread type="param">0.001</eEspread>
			<eSigmaX type="param">None</eSigmaX>
			<eSigmaZ type="param">None</eSigmaZ>
			<eEpsilonX type="param">1.2</eEpsilonX>
			<eEpsilonZ type="param">0.01</eEpsilonZ>
			<betaX type="param">20.01</betaX>
			<betaZ type="param">2.36</betaZ>
			<period type="param">36</period>
			<n type="param">250</n>
			<K type="param">10.0</K>
			<Kx type="param">0</Kx>
			<Ky type="param">0.0</Ky>
			<phaseDeg type="param">0</phaseDeg>
			<taper type="param">None</taper>
			<R0 type="param">None</R0>
			<targetE type="param">[2840, 1]</targetE>
			<eMin type="param">2839</eMin>
			<eMax type="param">2841</eMax>
			<eN type="param">51</eN>
			<distE type="param">eV</distE>
			<xPrimeMax type="param">0.02</xPrimeMax>
			<zPrimeMax type="param">0.02</zPrimeMax>
			<nx type="param">25</nx>
			<nz type="param">25</nz>
			<xPrimeMaxAutoReduce type="param">True</xPrimeMaxAutoReduce>
			<zPrimeMaxAutoReduce type="param">True</zPrimeMaxAutoReduce>
			<gp type="param">1e-06</gp>
			<gIntervals type="param">1</gIntervals>
			<uniformRayDensity type="param">False</uniformRayDensity>
			<filamentBeam type="param">False</filamentBeam>
			<targetOpenCL type="param">CPU</targetOpenCL>
			<precisionOpenCL type="param">auto</precisionOpenCL>
		</properties>
		<_object type="object">xrt.backends.raycing.sources.Undulator</_object>
		<shine type="prop">
			<parameters type="prop">
				<toGlobal type="param">True</toGlobal>
				<withAmplitudes type="param">True</withAmplitudes>
				<fixedEnergy type="param">False</fixedEnergy>
				<wave type="param">None</wave>
				<accuBeam type="param">None</accuBeam>
			</parameters>
			<_object type="object">xrt.backends.raycing.sources.Undulator.shine</_object>
			<output type="prop">
				<beamGlobal type="param">Undulator01beamGlobal01</beamGlobal>
			</output>
		</shine>
	</Undulator01>
	<Screen01 type="value">
		<properties type="prop">
			<bl type="param">P01</bl>
			<name type="param">None</name>
			<center type="param">[auto, 50000, auto]</center>
			<x type="param">auto</x>
			<z type="param">auto</z>
			<compressX type="param">None</compressX>
			<compressZ type="param">None</compressZ>
		</properties>
		<_object type="object">xrt.backends.raycing.screens.Screen</_object>
		<expose type="prop">
			<parameters type="prop">
				<beam type="param">Undulator01beamGlobal01</beam>
			</parameters>
			<_object type="object">xrt.backends.raycing.screens.Screen.expose</_object>
			<output type="prop">
				<beamLocal type="param">Screen01beamLocal01</beamLocal>
			</output>
		</expose>
	</Screen01>
	<OE01 type="value">
		<properties type="prop">
			<bl type="param">P01</bl>
			<name type="param">crystalSi1</name>
			<center type="param">[auto, 55200, auto]</center>
			<pitch type="param">auto</pitch>
			<roll type="param">0</roll>
			<yaw type="param">0</yaw>
			<positionRoll type="param">0</positionRoll>
			<rotationSequence type="param">RzRyRx</rotationSequence>
			<extraPitch type="param">0</extraPitch>
			<extraRoll type="param">0</extraRoll>
			<extraYaw type="param">0</extraYaw>
			<extraRotationSequence type="param">RzRyRx</extraRotationSequence>
			<alarmLevel type="param">None</alarmLevel>
			<surface type="param">None</surface>
			<material type="param">xtal1</material>
			<alpha type="param">0.25</alpha>
			<limPhysX type="param">[-1000.0, 1000.0]</limPhysX>
			<limOptX type="param">None</limOptX>
			<limPhysY type="param">[-1000.0, 1000.0]</limPhysY>
			<limOptY type="param">None</limOptY>
			<isParametric type="param">False</isParametric>
			<shape type="param">rect</shape>
			<order type="param">None</order>
			<shouldCheckCenter type="param">False</shouldCheckCenter>
			<targetOpenCL type="param">CPU</targetOpenCL>
			<precisionOpenCL type="param">float64</precisionOpenCL>
		</properties>
		<_object type="object">xrt.backends.raycing.oes.OE</_object>
		<reflect type="prop">
			<parameters type="prop">
				<beam type="param">Undulator01beamGlobal01</beam>
				<needLocal type="param">True</needLocal>
				<noIntersectionSearch type="param">False</noIntersectionSearch>
			</parameters>
			<_object type="object">xrt.backends.raycing.oes.OE.reflect</_object>
			<output type="prop">
				<beamGlobal type="param">OE01beamGlobal01</beamGlobal>
				<beamLocal type="param">OE01beamLocal01</beamLocal>
			</output>
		</reflect>
	</OE01>
	<OE02 type="value">
		<properties type="prop">
			<bl type="param">P01</bl>
			<name type="param">crystalSi2</name>
			<center type="param">[auto, 55300, auto]</center>
			<pitch type="param">auto</pitch>
			<roll type="param">0</roll>
			<yaw type="param">0</yaw>
			<positionRoll type="param">np.pi</positionRoll>
			<rotationSequence type="param">RzRyRx</rotationSequence>
			<extraPitch type="param">0</extraPitch>
			<extraRoll type="param">0</extraRoll>
			<extraYaw type="param">0</extraYaw>
			<extraRotationSequence type="param">RzRyRx</extraRotationSequence>
			<alarmLevel type="param">None</alarmLevel>
			<surface type="param">None</surface>
			<material type="param">xtal1</material>
			<alpha type="param">-0.25</alpha>
			<limPhysX type="param">[-1000.0, 1000.0]</limPhysX>
			<limOptX type="param">None</limOptX>
			<limPhysY type="param">[-1000.0, 1000.0]</limPhysY>
			<limOptY type="param">None</limOptY>
			<isParametric type="param">False</isParametric>
			<shape type="param">rect</shape>
			<order type="param">None</order>
			<shouldCheckCenter type="param">False</shouldCheckCenter>
			<targetOpenCL type="param">CPU</targetOpenCL>
			<precisionOpenCL type="param">float64</precisionOpenCL>
		</properties>
		<_object type="object">xrt.backends.raycing.oes.OE</_object>
		<reflect type="prop">
			<parameters type="prop">
				<beam type="param">OE01beamGlobal01</beam>
				<needLocal type="param">True</needLocal>
				<noIntersectionSearch type="param">False</noIntersectionSearch>
			</parameters>
			<_object type="object">xrt.backends.raycing.oes.OE.reflect</_object>
			<output type="prop">
				<beamGlobal type="param">OE02beamGlobal01</beamGlobal>
				<beamLocal type="param">OE02beamLocal01</beamLocal>
			</output>
		</reflect>
	</OE02>
	<Screen02 type="value">
		<properties type="prop">
			<bl type="param">P01</bl>
			<name type="param">None</name>
			<center type="param">[auto, 56000, auto]</center>
			<x type="param">auto</x>
			<z type="param">auto</z>
			<compressX type="param">None</compressX>
			<compressZ type="param">None</compressZ>
		</properties>
		<_object type="object">xrt.backends.raycing.screens.Screen</_object>
		<expose type="prop">
			<parameters type="prop">
				<beam type="param">OE02beamGlobal01</beam>
			</parameters>
			<_object type="object">xrt.backends.raycing.screens.Screen.expose</_object>
			<output type="prop">
				<beamLocal type="param">Screen02beamLocal01</beamLocal>
			</output>
		</expose>
	</Screen02>
	<OE03 type="value">
		<properties type="prop">
			<bl type="param">P01</bl>
			<name type="param">CrystalSiO2_1</name>
			<center type="param">[auto, 57200, auto]</center>
			<pitch type="param">auto</pitch>
			<roll type="param">0</roll>
			<yaw type="param">0</yaw>
			<positionRoll type="param">np.pi</positionRoll>
			<rotationSequence type="param">RzRyRx</rotationSequence>
			<extraPitch type="param">0</extraPitch>
			<extraRoll type="param">0</extraRoll>
			<extraYaw type="param">0</extraYaw>
			<extraRotationSequence type="param">RzRyRx</extraRotationSequence>
			<alarmLevel type="param">None</alarmLevel>
			<surface type="param">None</surface>
			<material type="param">xtal2</material>
			<alpha type="param">0</alpha>
			<limPhysX type="param">[-1000.0, 1000.0]</limPhysX>
			<limOptX type="param">None</limOptX>
			<limPhysY type="param">[-1000.0, 1000.0]</limPhysY>
			<limOptY type="param">None</limOptY>
			<isParametric type="param">False</isParametric>
			<shape type="param">rect</shape>
			<order type="param">None</order>
			<shouldCheckCenter type="param">False</shouldCheckCenter>
			<targetOpenCL type="param">CPU</targetOpenCL>
			<precisionOpenCL type="param">float64</precisionOpenCL>
		</properties>
		<_object type="object">xrt.backends.raycing.oes.OE</_object>
		<reflect type="prop">
			<parameters type="prop">
				<beam type="param">OE02beamGlobal01</beam>
				<needLocal type="param">True</needLocal>
				<noIntersectionSearch type="param">False</noIntersectionSearch>
			</parameters>
			<_object type="object">xrt.backends.raycing.oes.OE.reflect</_object>
			<output type="prop">
				<beamGlobal type="param">OE03beamGlobal01</beamGlobal>
				<beamLocal type="param">OE03beamLocal01</beamLocal>
			</output>
		</reflect>
	</OE03>
	<OE04 type="value">
		<properties type="prop">
			<bl type="param">P01</bl>
			<name type="param">CrystalSiO2_2</name>
			<center type="param">[auto, 57100, auto]</center>
			<pitch type="param">auto</pitch>
			<roll type="param">0</roll>
			<yaw type="param">0</yaw>
			<positionRoll type="param">0</positionRoll>
			<rotationSequence type="param">RzRyRx</rotationSequence>
			<extraPitch type="param">0</extraPitch>
			<extraRoll type="param">0</extraRoll>
			<extraYaw type="param">0</extraYaw>
			<extraRotationSequence type="param">RzRyRx</extraRotationSequence>
			<alarmLevel type="param">None</alarmLevel>
			<surface type="param">None</surface>
			<material type="param">xtal2</material>
			<alpha type="param">0</alpha>
			<limPhysX type="param">[-1000.0, 1000.0]</limPhysX>
			<limOptX type="param">None</limOptX>
			<limPhysY type="param">[-1000.0, 1000.0]</limPhysY>
			<limOptY type="param">None</limOptY>
			<isParametric type="param">False</isParametric>
			<shape type="param">rect</shape>
			<order type="param">None</order>
			<shouldCheckCenter type="param">False</shouldCheckCenter>
			<targetOpenCL type="param">CPU</targetOpenCL>
			<precisionOpenCL type="param">float64</precisionOpenCL>
		</properties>
		<_object type="object">xrt.backends.raycing.oes.OE</_object>
		<reflect type="prop">
			<parameters type="prop">
				<beam type="param">OE03beamGlobal01</beam>
				<needLocal type="param">True</needLocal>
				<noIntersectionSearch type="param">False</noIntersectionSearch>
			</parameters>
			<_object type="object">xrt.backends.raycing.oes.OE.reflect</_object>
			<output type="prop">
				<beamGlobal type="param">OE04beamGlobal01</beamGlobal>
				<beamLocal type="param">OE04beamLocal01</beamLocal>
			</output>
		</reflect>
	</OE04>
	<Screen03 type="value">
		<properties type="prop">
			<bl type="param">P01</bl>
			<name type="param">Screen3</name>
			<center type="param">[auto, 60000, auto]</center>
			<x type="param">auto</x>
			<z type="param">auto</z>
			<compressX type="param">None</compressX>
			<compressZ type="param">None</compressZ>
		</properties>
		<_object type="object">xrt.backends.raycing.screens.Screen</_object>
		<expose type="prop">
			<parameters type="prop">
				<beam type="param">OE04beamGlobal01</beam>
			</parameters>
			<_object type="object">xrt.backends.raycing.screens.Screen.expose</_object>
			<output type="prop">
				<beamLocal type="param">Screen03beamLocal01</beamLocal>
			</output>
		</expose>
	</Screen03>
</P01>
<plots type="value">
	<Plot01 type="value">
		<_object type="object">xrt.plotter.XYCPlot</_object>
		<beam type="param">Screen01beamLocal01</beam>
		<rayFlag type="param">(1,)</rayFlag>
		<xaxis type="prop">
			<_object type="object">xrt.plotter.XYCAxis</_object>
			<label type="param">x</label>
			<unit type="param">mm</unit>
			<factor type="param">None</factor>
			<data type="param">auto</data>
			<limits type="param">None</limits>
			<offset type="param">0</offset>
			<bins type="param">256</bins>
			<ppb type="param">1</ppb>
			<density type="param">histogram</density>
			<invertAxis type="param">False</invertAxis>
			<outline type="param">0.5</outline>
			<fwhmFormatStr type="param">%.3f</fwhmFormatStr>
		</xaxis>
		<yaxis type="prop">
			<_object type="object">xrt.plotter.XYCAxis</_object>
			<label type="param">z</label>
			<unit type="param">mm</unit>
			<factor type="param">None</factor>
			<data type="param">auto</data>
			<limits type="param">None</limits>
			<offset type="param">0</offset>
			<bins type="param">256</bins>
			<ppb type="param">1</ppb>
			<density type="param">histogram</density>
			<invertAxis type="param">False</invertAxis>
			<outline type="param">0.5</outline>
			<fwhmFormatStr type="param">%.3f</fwhmFormatStr>
		</yaxis>
		<caxis type="prop">
			<_object type="object">xrt.plotter.XYCAxis</_object>
			<label type="param">energy</label>
			<unit type="param">eV</unit>
			<factor type="param">None</factor>
			<data type="param">auto</data>
			<limits type="param">None</limits>
			<offset type="param">0</offset>
			<bins type="param">256</bins>
			<ppb type="param">1</ppb>
			<density type="param">histogram</density>
			<invertAxis type="param">False</invertAxis>
			<outline type="param">0.5</outline>
			<fwhmFormatStr type="param">%.3f</fwhmFormatStr>
		</caxis>
		<aspect type="param">equal</aspect>
		<xPos type="param">1</xPos>
		<yPos type="param">1</yPos>
		<ePos type="param">1</ePos>
		<title type="param">Screen01 - BeamSource</title>
		<invertColorMap type="param">False</invertColorMap>
		<negative type="param">False</negative>
		<fluxKind type="param">total</fluxKind>
		<fluxUnit type="param">auto</fluxUnit>
		<fluxFormatStr type="param">%.4g</fluxFormatStr>
		<contourLevels type="param">None</contourLevels>
		<contourColors type="param">None</contourColors>
		<contourFmt type="param">%.1f</contourFmt>
		<contourFactor type="param">1.0</contourFactor>
		<saveName type="param">Screen01 - BeamSource.png</saveName>
		<persistentName type="param">None</persistentName>
		<oe type="param">None</oe>
		<raycingParam type="param">0</raycingParam>
		<beamState type="param">None</beamState>
		<beamC type="param">None</beamC>
	</Plot01>
	<Plot02 type="value">
		<_object type="object">xrt.plotter.XYCPlot</_object>
		<beam type="param">Screen02beamLocal01</beam>
		<rayFlag type="param">(1,)</rayFlag>
		<xaxis type="prop">
			<_object type="object">xrt.plotter.XYCAxis</_object>
			<label type="param">x</label>
			<unit type="param">mm</unit>
			<factor type="param">None</factor>
			<data type="param">auto</data>
			<limits type="param">None</limits>
			<offset type="param">0</offset>
			<bins type="param">256</bins>
			<ppb type="param">1</ppb>
			<density type="param">histogram</density>
			<invertAxis type="param">False</invertAxis>
			<outline type="param">0.5</outline>
			<fwhmFormatStr type="param">%.3f</fwhmFormatStr>
		</xaxis>
		<yaxis type="prop">
			<_object type="object">xrt.plotter.XYCAxis</_object>
			<label type="param">z</label>
			<unit type="param">mm</unit>
			<factor type="param">None</factor>
			<data type="param">auto</data>
			<limits type="param">None</limits>
			<offset type="param">0</offset>
			<bins type="param">256</bins>
			<ppb type="param">1</ppb>
			<density type="param">histogram</density>
			<invertAxis type="param">False</invertAxis>
			<outline type="param">0.5</outline>
			<fwhmFormatStr type="param">%.3f</fwhmFormatStr>
		</yaxis>
		<caxis type="prop">
			<_object type="object">xrt.plotter.XYCAxis</_object>
			<label type="param">energy</label>
			<unit type="param">eV</unit>
			<factor type="param">None</factor>
			<data type="param">auto</data>
			<limits type="param">None</limits>
			<offset type="param">0</offset>
			<bins type="param">256</bins>
			<ppb type="param">1</ppb>
			<density type="param">histogram</density>
			<invertAxis type="param">False</invertAxis>
			<outline type="param">0.5</outline>
			<fwhmFormatStr type="param">%.3f</fwhmFormatStr>
		</caxis>
		<aspect type="param">equal</aspect>
		<xPos type="param">1</xPos>
		<yPos type="param">1</yPos>
		<ePos type="param">1</ePos>
		<title type="param">Screen02 - BeamXtal2</title>
		<invertColorMap type="param">False</invertColorMap>
		<negative type="param">False</negative>
		<fluxKind type="param">total</fluxKind>
		<fluxUnit type="param">auto</fluxUnit>
		<fluxFormatStr type="param">%.4g</fluxFormatStr>
		<contourLevels type="param">None</contourLevels>
		<contourColors type="param">None</contourColors>
		<contourFmt type="param">%.1f</contourFmt>
		<contourFactor type="param">1.0</contourFactor>
		<saveName type="param">Screen02 - BeamXtal2.png</saveName>
		<persistentName type="param">None</persistentName>
		<oe type="param">None</oe>
		<raycingParam type="param">0</raycingParam>
		<beamState type="param">None</beamState>
		<beamC type="param">None</beamC>
	</Plot02>
	<Plot03 type="value">
		<_object type="object">xrt.plotter.XYCPlot</_object>
		<beam type="param">Screen03beamLocal01</beam>
		<rayFlag type="param">(1,)</rayFlag>
		<xaxis type="prop">
			<_object type="object">xrt.plotter.XYCAxis</_object>
			<label type="param">x</label>
			<unit type="param">mm</unit>
			<factor type="param">None</factor>
			<data type="param">auto</data>
			<limits type="param">None</limits>
			<offset type="param">0</offset>
			<bins type="param">256</bins>
			<ppb type="param">1</ppb>
			<density type="param">histogram</density>
			<invertAxis type="param">False</invertAxis>
			<outline type="param">0.5</outline>
			<fwhmFormatStr type="param">%.3f</fwhmFormatStr>
		</xaxis>
		<yaxis type="prop">
			<_object type="object">xrt.plotter.XYCAxis</_object>
			<label type="param">z</label>
			<unit type="param">mm</unit>
			<factor type="param">None</factor>
			<data type="param">auto</data>
			<limits type="param">None</limits>
			<offset type="param">0</offset>
			<bins type="param">256</bins>
			<ppb type="param">1</ppb>
			<density type="param">histogram</density>
			<invertAxis type="param">False</invertAxis>
			<outline type="param">0.5</outline>
			<fwhmFormatStr type="param">%.3f</fwhmFormatStr>
		</yaxis>
		<caxis type="prop">
			<_object type="object">xrt.plotter.XYCAxis</_object>
			<label type="param">energy</label>
			<unit type="param">eV</unit>
			<factor type="param">None</factor>
			<data type="param">auto</data>
			<limits type="param">None</limits>
			<offset type="param">0</offset>
			<bins type="param">256</bins>
			<ppb type="param">1</ppb>
			<density type="param">histogram</density>
			<invertAxis type="param">False</invertAxis>
			<outline type="param">0.5</outline>
			<fwhmFormatStr type="param">%.3f</fwhmFormatStr>
		</caxis>
		<aspect type="param">equal</aspect>
		<xPos type="param">1</xPos>
		<yPos type="param">1</yPos>
		<ePos type="param">1</ePos>
		<title type="param">Screen03 - BeamXtal4</title>
		<invertColorMap type="param">False</invertColorMap>
		<negative type="param">False</negative>
		<fluxKind type="param">total</fluxKind>
		<fluxUnit type="param">auto</fluxUnit>
		<fluxFormatStr type="param">%.4g</fluxFormatStr>
		<contourLevels type="param">None</contourLevels>
		<contourColors type="param">None</contourColors>
		<contourFmt type="param">%.1f</contourFmt>
		<contourFactor type="param">1.0</contourFactor>
		<saveName type="param">Screen03 - BeamXtal4.png</saveName>
		<persistentName type="param">None</persistentName>
		<oe type="param">None</oe>
		<raycingParam type="param">0</raycingParam>
		<beamState type="param">None</beamState>
		<beamC type="param">None</beamC>
	</Plot03>
	<Plot04 type="value">
		<_object type="object">xrt.plotter.XYCPlot</_object>
		<beam type="param">OE01beamLocal01</beam>
		<rayFlag type="param">(1,)</rayFlag>
		<xaxis type="prop">
			<_object type="object">xrt.plotter.XYCAxis</_object>
			<label type="param">x</label>
			<unit type="param">mm</unit>
			<factor type="param">None</factor>
			<data type="param">auto</data>
			<limits type="param">None</limits>
			<offset type="param">0</offset>
			<bins type="param">256</bins>
			<ppb type="param">1</ppb>
			<density type="param">histogram</density>
			<invertAxis type="param">False</invertAxis>
			<outline type="param">0.5</outline>
			<fwhmFormatStr type="param">%.3f</fwhmFormatStr>
		</xaxis>
		<yaxis type="prop">
			<_object type="object">xrt.plotter.XYCAxis</_object>
			<label type="param">y</label>
			<unit type="param">mm</unit>
			<factor type="param">None</factor>
			<data type="param">auto</data>
			<limits type="param">None</limits>
			<offset type="param">0</offset>
			<bins type="param">256</bins>
			<ppb type="param">1</ppb>
			<density type="param">histogram</density>
			<invertAxis type="param">False</invertAxis>
			<outline type="param">0.5</outline>
			<fwhmFormatStr type="param">%.3f</fwhmFormatStr>
		</yaxis>
		<caxis type="prop">
			<_object type="object">xrt.plotter.XYCAxis</_object>
			<label type="param">energy</label>
			<unit type="param">eV</unit>
			<factor type="param">None</factor>
			<data type="param">auto</data>
			<limits type="param">None</limits>
			<offset type="param">0</offset>
			<bins type="param">256</bins>
			<ppb type="param">1</ppb>
			<density type="param">histogram</density>
			<invertAxis type="param">False</invertAxis>
			<outline type="param">0.5</outline>
			<fwhmFormatStr type="param">%.3f</fwhmFormatStr>
		</caxis>
		<aspect type="param">equal</aspect>
		<xPos type="param">1</xPos>
		<yPos type="param">1</yPos>
		<ePos type="param">1</ePos>
		<title type="param">xtal01 - Footprint</title>
		<invertColorMap type="param">False</invertColorMap>
		<negative type="param">False</negative>
		<fluxKind type="param">total</fluxKind>
		<fluxUnit type="param">auto</fluxUnit>
		<fluxFormatStr type="param">%.4g</fluxFormatStr>
		<contourLevels type="param">None</contourLevels>
		<contourColors type="param">None</contourColors>
		<contourFmt type="param">%.1f</contourFmt>
		<contourFactor type="param">1.0</contourFactor>
		<saveName type="param">xtal01 - Footprint.png</saveName>
		<persistentName type="param">None</persistentName>
		<oe type="param">None</oe>
		<raycingParam type="param">0</raycingParam>
		<beamState type="param">None</beamState>
		<beamC type="param">None</beamC>
	</Plot04>
	<Plot05 type="value">
		<_object type="object">xrt.plotter.XYCPlot</_object>
		<beam type="param">OE02beamLocal01</beam>
		<rayFlag type="param">(1,)</rayFlag>
		<xaxis type="prop">
			<_object type="object">xrt.plotter.XYCAxis</_object>
			<label type="param">x</label>
			<unit type="param">mm</unit>
			<factor type="param">None</factor>
			<data type="param">auto</data>
			<limits type="param">None</limits>
			<offset type="param">0</offset>
			<bins type="param">256</bins>
			<ppb type="param">1</ppb>
			<density type="param">histogram</density>
			<invertAxis type="param">False</invertAxis>
			<outline type="param">0.5</outline>
			<fwhmFormatStr type="param">%.3f</fwhmFormatStr>
		</xaxis>
		<yaxis type="prop">
			<_object type="object">xrt.plotter.XYCAxis</_object>
			<label type="param">y</label>
			<unit type="param">mm</unit>
			<factor type="param">None</factor>
			<data type="param">auto</data>
			<limits type="param">None</limits>
			<offset type="param">0</offset>
			<bins type="param">256</bins>
			<ppb type="param">1</ppb>
			<density type="param">histogram</density>
			<invertAxis type="param">False</invertAxis>
			<outline type="param">0.5</outline>
			<fwhmFormatStr type="param">%.3f</fwhmFormatStr>
		</yaxis>
		<caxis type="prop">
			<_object type="object">xrt.plotter.XYCAxis</_object>
			<label type="param">energy</label>
			<unit type="param">eV</unit>
			<factor type="param">None</factor>
			<data type="param">auto</data>
			<limits type="param">None</limits>
			<offset type="param">0</offset>
			<bins type="param">256</bins>
			<ppb type="param">1</ppb>
			<density type="param">histogram</density>
			<invertAxis type="param">False</invertAxis>
			<outline type="param">0.5</outline>
			<fwhmFormatStr type="param">%.3f</fwhmFormatStr>
		</caxis>
		<aspect type="param">equal</aspect>
		<xPos type="param">1</xPos>
		<yPos type="param">1</yPos>
		<ePos type="param">1</ePos>
		<title type="param">xtal02 - Footprint</title>
		<invertColorMap type="param">False</invertColorMap>
		<negative type="param">False</negative>
		<fluxKind type="param">total</fluxKind>
		<fluxUnit type="param">auto</fluxUnit>
		<fluxFormatStr type="param">%.4g</fluxFormatStr>
		<contourLevels type="param">None</contourLevels>
		<contourColors type="param">None</contourColors>
		<contourFmt type="param">%.1f</contourFmt>
		<contourFactor type="param">1.0</contourFactor>
		<saveName type="param">xtal02 - Footprint.png</saveName>
		<persistentName type="param">None</persistentName>
		<oe type="param">None</oe>
		<raycingParam type="param">0</raycingParam>
		<beamState type="param">None</beamState>
		<beamC type="param">None</beamC>
	</Plot05>
	<Plot06 type="value">
		<_object type="object">xrt.plotter.XYCPlot</_object>
		<beam type="param">OE03beamLocal01</beam>
		<rayFlag type="param">(1,)</rayFlag>
		<xaxis type="prop">
			<_object type="object">xrt.plotter.XYCAxis</_object>
			<label type="param">x</label>
			<unit type="param">mm</unit>
			<factor type="param">None</factor>
			<data type="param">auto</data>
			<limits type="param">None</limits>
			<offset type="param">0</offset>
			<bins type="param">256</bins>
			<ppb type="param">1</ppb>
			<density type="param">histogram</density>
			<invertAxis type="param">False</invertAxis>
			<outline type="param">0.5</outline>
			<fwhmFormatStr type="param">%.3f</fwhmFormatStr>
		</xaxis>
		<yaxis type="prop">
			<_object type="object">xrt.plotter.XYCAxis</_object>
			<label type="param">y</label>
			<unit type="param">mm</unit>
			<factor type="param">None</factor>
			<data type="param">auto</data>
			<limits type="param">None</limits>
			<offset type="param">0</offset>
			<bins type="param">256</bins>
			<ppb type="param">1</ppb>
			<density type="param">histogram</density>
			<invertAxis type="param">False</invertAxis>
			<outline type="param">0.5</outline>
			<fwhmFormatStr type="param">%.3f</fwhmFormatStr>
		</yaxis>
		<caxis type="prop">
			<_object type="object">xrt.plotter.XYCAxis</_object>
			<label type="param">energy</label>
			<unit type="param">eV</unit>
			<factor type="param">None</factor>
			<data type="param">auto</data>
			<limits type="param">None</limits>
			<offset type="param">0</offset>
			<bins type="param">256</bins>
			<ppb type="param">1</ppb>
			<density type="param">histogram</density>
			<invertAxis type="param">False</invertAxis>
			<outline type="param">0.5</outline>
			<fwhmFormatStr type="param">%.3f</fwhmFormatStr>
		</caxis>
		<aspect type="param">equal</aspect>
		<xPos type="param">1</xPos>
		<yPos type="param">1</yPos>
		<ePos type="param">1</ePos>
		<title type="param">xtal03 - Footprint</title>
		<invertColorMap type="param">False</invertColorMap>
		<negative type="param">False</negative>
		<fluxKind type="param">total</fluxKind>
		<fluxUnit type="param">auto</fluxUnit>
		<fluxFormatStr type="param">%.4g</fluxFormatStr>
		<contourLevels type="param">None</contourLevels>
		<contourColors type="param">None</contourColors>
		<contourFmt type="param">%.1f</contourFmt>
		<contourFactor type="param">1.0</contourFactor>
		<saveName type="param">xtal03 - Footprint.png</saveName>
		<persistentName type="param">None</persistentName>
		<oe type="param">None</oe>
		<raycingParam type="param">0</raycingParam>
		<beamState type="param">None</beamState>
		<beamC type="param">None</beamC>
	</Plot06>
	<Plot07 type="value">
		<_object type="object">xrt.plotter.XYCPlot</_object>
		<beam type="param">OE04beamLocal01</beam>
		<rayFlag type="param">(1,)</rayFlag>
		<xaxis type="prop">
			<_object type="object">xrt.plotter.XYCAxis</_object>
			<label type="param">x</label>
			<unit type="param">mm</unit>
			<factor type="param">None</factor>
			<data type="param">auto</data>
			<limits type="param">None</limits>
			<offset type="param">0</offset>
			<bins type="param">256</bins>
			<ppb type="param">1</ppb>
			<density type="param">histogram</density>
			<invertAxis type="param">False</invertAxis>
			<outline type="param">0.5</outline>
			<fwhmFormatStr type="param">%.3f</fwhmFormatStr>
		</xaxis>
		<yaxis type="prop">
			<_object type="object">xrt.plotter.XYCAxis</_object>
			<label type="param">y</label>
			<unit type="param">mm</unit>
			<factor type="param">None</factor>
			<data type="param">auto</data>
			<limits type="param">None</limits>
			<offset type="param">0</offset>
			<bins type="param">256</bins>
			<ppb type="param">1</ppb>
			<density type="param">histogram</density>
			<invertAxis type="param">False</invertAxis>
			<outline type="param">0.5</outline>
			<fwhmFormatStr type="param">%.3f</fwhmFormatStr>
		</yaxis>
		<caxis type="prop">
			<_object type="object">xrt.plotter.XYCAxis</_object>
			<label type="param">energy</label>
			<unit type="param">eV</unit>
			<factor type="param">None</factor>
			<data type="param">auto</data>
			<limits type="param">None</limits>
			<offset type="param">0</offset>
			<bins type="param">256</bins>
			<ppb type="param">1</ppb>
			<density type="param">histogram</density>
			<invertAxis type="param">False</invertAxis>
			<outline type="param">0.5</outline>
			<fwhmFormatStr type="param">%.3f</fwhmFormatStr>
		</caxis>
		<aspect type="param">equal</aspect>
		<xPos type="param">1</xPos>
		<yPos type="param">1</yPos>
		<ePos type="param">1</ePos>
		<title type="param">xtal04 - Footprint</title>
		<invertColorMap type="param">False</invertColorMap>
		<negative type="param">False</negative>
		<fluxKind type="param">total</fluxKind>
		<fluxUnit type="param">auto</fluxUnit>
		<fluxFormatStr type="param">%.4g</fluxFormatStr>
		<contourLevels type="param">None</contourLevels>
		<contourColors type="param">None</contourColors>
		<contourFmt type="param">%.1f</contourFmt>
		<contourFactor type="param">1.0</contourFactor>
		<saveName type="param">xtal04 - Footprint.png</saveName>
		<persistentName type="param">None</persistentName>
		<oe type="param">None</oe>
		<raycingParam type="param">0</raycingParam>
		<beamState type="param">None</beamState>
		<beamC type="param">None</beamC>
	</Plot07>
</plots>
<run_ray_tracing type="prop">
	<_object type="object">xrt.runner.run_ray_tracing</_object>
	<plots type="param">plots</plots>
	<repeats type="param">1</repeats>
	<updateEvery type="param">1</updateEvery>
	<pickleEvery type="param">None</pickleEvery>
	<energyRange type="param">None</energyRange>
	<backend type="param">raycing</backend>
	<beamLine type="param">P01</beamLine>
	<threads type="param">1</threads>
	<processes type="param">1</processes>
	<generator type="param">None</generator>
	<generatorArgs type="param">[]</generatorArgs>
	<generatorKWargs type="param">auto</generatorKWargs>
	<globalNorm type="param">0</globalNorm>
	<afterScript type="param">None</afterScript>
	<afterScriptArgs type="param">[]</afterScriptArgs>
	<afterScriptKWargs type="param">{}</afterScriptKWargs>
</run_ray_tracing>
</Project>
