<?xml version="1.0"?>
<Project>
	<Beams type="prop">
		<None type="flat"></None>
		<bendingMagnet01beamGlobal01 type="flat"></bendingMagnet01beamGlobal01>
		<oe01beamGlobal01 type="flat"></oe01beamGlobal01>
		<oe01beamLocal01 type="flat"></oe01beamLocal01>
		<screen01beamLocal01 type="flat"></screen01beamLocal01>
	</Beams>
	<Materials type="prop">
		<crystalSi01 type="value">
			<properties type="prop">
				<tK type="param">297.15</tK>
				<hkl type="param">[1, 1, 1]</hkl>
				<d type="param">0</d>
				<V type="param">None</V>
				<elements type="param">Si</elements>
				<quantities type="param">None</quantities>
				<rho type="param">0</rho>
				<t type="param">None</t>
				<factDW type="param">1.0</factDW>
				<geom type="param">Bragg reflected</geom>
				<table type="param">Chantler</table>
				<name type="param"></name>
				<kind type="param">mirror</kind>
				<efficiency type="param">None</efficiency>
				<efficiencyFile type="param">None</efficiencyFile>
			</properties>
			<_object type="object">xrt.backends.raycing.materials.CrystalSi</_object>
		</crystalSi01>
	</Materials>
	<myTestBeamline type="value">
		<properties type="prop">
			<azimuth type="param">0.0</azimuth>
			<height type="param">0.0</height>
		</properties>
		<_object type="object">xrt.backends.raycing.BeamLine</_object>
		<bendingMagnet01 type="value">
			<properties type="prop">
				<bl type="param">myTestBeamline</bl>
				<name type="param">BM</name>
				<center type="param">(0, 0, 0)</center>
				<nrays type="param">100000</nrays>
				<eE type="param">3.0</eE>
				<eI type="param">0.5</eI>
				<eEspread type="param">0.0</eEspread>
				<eSigmaX type="param">None</eSigmaX>
				<eSigmaZ type="param">None</eSigmaZ>
				<eEpsilonX type="param">1.0</eEpsilonX>
				<eEpsilonZ type="param">0.01</eEpsilonZ>
				<betaX type="param">9.0</betaX>
				<betaZ type="param">2.0</betaZ>
				<B0 type="param">1.0</B0>
				<rho type="param">None</rho>
				<filamentBeam type="param">False</filamentBeam>
				<uniformRayDensity type="param">False</uniformRayDensity>
				<eMin type="param">10000-1</eMin>
				<eMax type="param">10000+1</eMax>
				<eN type="param">51</eN>
				<distE type="param">eV</distE>
				<xPrimeMax type="param">0.5</xPrimeMax>
				<zPrimeMax type="param">0.5</zPrimeMax>
				<nx type="param">25</nx>
				<nz type="param">25</nz>
			</properties>
			<_object type="object">xrt.backends.raycing.sources.BendingMagnet</_object>
			<shine type="prop">
				<parameters type="prop">
					<toGlobal type="param">True</toGlobal>
					<withAmplitudes type="param">False</withAmplitudes>
					<accuBeam type="param">None</accuBeam>
				</parameters>
				<_object type="object">xrt.backends.raycing.sources.BendingMagnet.shine</_object>
				<output type="prop">
					<beamGlobal type="param">bendingMagnet01beamGlobal01</beamGlobal>
				</output>
			</shine>
		</bendingMagnet01>
		<oe01 type="value">
			<properties type="prop">
				<bl type="param">myTestBeamline</bl>
				<name type="param"></name>
				<center type="param">[0, 20000, 0]</center>
				<pitch type="param">"auto"</pitch>
				<roll type="param">0</roll>
				<yaw type="param">0</yaw>
				<positionRoll type="param">0</positionRoll>
				<rotationSequence type="param">RzRyRx</rotationSequence>
				<extraPitch type="param">0</extraPitch>
				<extraRoll type="param">0</extraRoll>
				<extraYaw type="param">0</extraYaw>
				<extraRotationSequence type="param">RzRyRx</extraRotationSequence>
				<alarmLevel type="param">None</alarmLevel>
				<surface type="param">None</surface>
				<material type="param">crystalSi01</material>
				<alpha type="param">None</alpha>
				<limPhysX type="param">[-1000.0, 1000.0]</limPhysX>
				<limOptX type="param">None</limOptX>
				<limPhysY type="param">[-1000.0, 1000.0]</limPhysY>
				<limOptY type="param">None</limOptY>
				<isParametric type="param">False</isParametric>
				<shape type="param">rect</shape>
				<order type="param">None</order>
				<shouldCheckCenter type="param">False</shouldCheckCenter>
				<targetOpenCL type="param">None</targetOpenCL>
				<precisionOpenCL type="param">float64</precisionOpenCL>
			</properties>
			<_object type="object">xrt.backends.raycing.oes.OE</_object>
			<reflect type="prop">
				<parameters type="prop">
					<beam type="param">bendingMagnet01beamGlobal01</beam>
					<needLocal type="param">True</needLocal>
					<noIntersectionSearch type="param">False</noIntersectionSearch>
				</parameters>
				<_object type="object">xrt.backends.raycing.oes.OE.reflect</_object>
				<output type="prop">
					<beamGlobal type="param">oe01beamGlobal01</beamGlobal>
					<beamLocal type="param">oe01beamLocal01</beamLocal>
				</output>
			</reflect>
		</oe01>
		<screen01 type="value">
			<properties type="prop">
				<bl type="param">myTestBeamline</bl>
				<name type="param"></name>
				<center type="param">[0, 21000, "auto"]</center>
				<x type="param">auto</x>
				<z type="param">auto</z>
				<compressX type="param">None</compressX>
				<compressZ type="param">None</compressZ>
			</properties>
			<_object type="object">xrt.backends.raycing.screens.Screen</_object>
			<expose type="prop">
				<parameters type="prop">
					<beam type="param">oe01beamGlobal01</beam>
				</parameters>
				<_object type="object">xrt.backends.raycing.screens.Screen.expose</_object>
				<output type="prop">
					<beamLocal type="param">screen01beamLocal01</beamLocal>
				</output>
			</expose>
		</screen01>
	</myTestBeamline>
	<plots type="value">
		<plot01 type="value">
			<_object type="object">xrt.plotter.XYCPlot</_object>
			<beam type="param">screen01beamLocal01</beam>
			<rayFlag type="param">(1,)</rayFlag>
			<xaxis type="prop">
				<_object type="object">xrt.plotter.XYCAxis</_object>
				<label type="param">x</label>
				<unit type="param">mm</unit>
				<factor type="param">None</factor>
				<data type="param">auto</data>
				<limits type="param">None</limits>
				<offset type="param">0</offset>
				<bins type="param">128</bins>
				<ppb type="param">2</ppb>
				<density type="param">histogram</density>
				<invertAxis type="param">False</invertAxis>
				<outline type="param">0.5</outline>
				<fwhmFormatStr type="param">%.1f</fwhmFormatStr>
			</xaxis>
			<yaxis type="prop">
				<_object type="object">xrt.plotter.XYCAxis</_object>
				<label type="param">z</label>
				<unit type="param">mm</unit>
				<factor type="param">None</factor>
				<data type="param">auto</data>
				<limits type="param">None</limits>
				<offset type="param">0</offset>
				<bins type="param">128</bins>
				<ppb type="param">2</ppb>
				<density type="param">histogram</density>
				<invertAxis type="param">False</invertAxis>
				<outline type="param">0.5</outline>
				<fwhmFormatStr type="param">%.1f</fwhmFormatStr>
			</yaxis>
			<caxis type="prop">
				<_object type="object">xrt.plotter.XYCAxis</_object>
				<label type="param">energy</label>
				<unit type="param">eV</unit>
				<factor type="param">None</factor>
				<data type="param">auto</data>
				<limits type="param">None</limits>
				<offset type="param">0</offset>
				<bins type="param">128</bins>
				<ppb type="param">2</ppb>
				<density type="param">histogram</density>
				<invertAxis type="param">False</invertAxis>
				<outline type="param">0.5</outline>
				<fwhmFormatStr type="param">%.1f</fwhmFormatStr>
			</caxis>
			<aspect type="param">equal</aspect>
			<xPos type="param">1</xPos>
			<yPos type="param">1</yPos>
			<ePos type="param">1</ePos>
			<title type="param">plot01</title>
			<invertColorMap type="param">False</invertColorMap>
			<negative type="param">False</negative>
			<fluxKind type="param">total</fluxKind>
			<fluxUnit type="param">auto</fluxUnit>
			<fluxFormatStr type="param">%g</fluxFormatStr>
			<contourLevels type="param">None</contourLevels>
			<contourColors type="param">None</contourColors>
			<contourFmt type="param">%.1f</contourFmt>
			<contourFactor type="param">1.0</contourFactor>
			<saveName type="param">None</saveName>
			<persistentName type="param">None</persistentName>
			<oe type="param">None</oe>
			<raycingParam type="param">0</raycingParam>
			<beamState type="param">None</beamState>
			<beamC type="param">None</beamC>
		</plot01>
	</plots>
	<run_ray_tracing type="prop">
		<_object type="object">xrt.runner.run_ray_tracing</_object>
		<plots type="param">plots</plots>
		<repeats type="param">1</repeats>
		<updateEvery type="param">1</updateEvery>
		<pickleEvery type="param">None</pickleEvery>
		<energyRange type="param">None</energyRange>
		<backend type="param">raycing</backend>
		<beamLine type="param">myTestBeamline</beamLine>
		<threads type="param">1</threads>
		<processes type="param">1</processes>
		<generator type="param">None</generator>
		<generatorArgs type="param">[]</generatorArgs>
		<generatorKWargs type="param">auto</generatorKWargs>
		<globalNorm type="param">0</globalNorm>
		<afterScript type="param">None</afterScript>
		<afterScriptArgs type="param">[]</afterScriptArgs>
		<afterScriptKWargs type="param">{}</afterScriptKWargs>
	</run_ray_tracing>
<description>

</description>
</Project>
